{
  "position_offset": -9.421892166137695,
  "position_min_limit": -1.001907927239456,
  "position_max_limit": 1.001907927239456,
  "position_limits_enabled": true,
  "limit_find_speed_rads": 3,
  "can_id": 10,
  "interface": "can0",
  "position_border_min_limit": -1.0891743898391724,
  "position_border_max_limit": 1.0891743898391724
}